Workbook

Sheet Cover
B2: IoT Dashboard v2
B3: User Acceptance Testing (UAT) — Test Case Document
B5: Document Information
B6: Project | C6: IoT Dashboard v2
B7: Document Version | C7: 1.2
B8: Date | C8: 2026-04-19
B9: Prepared By | C9: QA Team
B10: Environment | C10: Staging / Pre-Production
B11: Frontend | C11: Next.js 15 (App Router), TypeScript, TailwindCSS
B12: Backend | C12: FastAPI, PostgreSQL, JWT (HTTP-only cookie bridge)
B13: Authentication | C13: Cookie-based JWT — enforced via server components + proxy
B15: Modules Covered
B16: TC_Authentication | C16: Login, registration, JWT cookie, role-based redirect
B17: TC_Dashboard | C17: Stat cards, recent devices, recent activities feed
B18: TC_Device_Mgmt | C18: Grid/list, pump status filter, CRUD, QR code
B19: TC_User_Mgmt | C19: Search, role filter, CRUD, superuser-only role edits
B20: TC_Activity | C20: Category filter, stat cards, trend chart, pagination
B21: TC_Profile | C21: Self-service profile update (name/email/password)
B22: TC_Navigation | C22: Sidebar, NavUser dropdown, server-resolved role
B23: TC_API | C23: Proxy, trailing-slash redirects, 401 handling
B25: Legend
B26: Status values | C26: Pass • Fail • Blocked • Not Tested
B27: Priority values | C27: High • Medium • Low
B28: Roles | C28: superuser, admin, user
B29: How to use | C29: Open each module tab. For each row, fill Status, Actual Result, Tester, Date Tested, and Remarks. Status and Priority are dropdowns.
B31: Status Color Key
B32: Pass | C32: Cells with status "Pass" are highlighted in this color.
B33: Fail | C33: Cells with status "Fail" are highlighted in this color.
B34: Blocked | C34: Cells with status "Blocked" are highlighted in this color.
B35: Not Tested | C35: Cells with status "Not Tested" are highlighted in this color.

Sheet Instructions
B2: How to Use This Document
B4: 1 | C4: Open the module tab you want to test (e.g. TC_Authentication).
B5: 2 | C5: Read the Pre-Condition, then follow the numbered Test Steps exactly.
B6: 3 | C6: Compare the actual behavior with the Expected Result column.
B7: 4 | C7: Set the Status cell using the dropdown: Pass, Fail, Blocked, or Not Tested.
B8: 5 | C8: Fill in Actual Result when it differs from Expected, plus Tester name and Date Tested.
B9: 6 | C9: Use the Remarks column for bug IDs, screenshots links, or additional context.
B10: 7 | C10: The Test Summary tab automatically aggregates Pass/Fail/Blocked counts and Pass %.
B12: Tips
B13: • Columns for Status and Priority are restricted to valid values — use the dropdown arrow.
B14: • Status cells are color-coded automatically (green=Pass, red=Fail, amber=Blocked, grey=Not Tested).
B15: • Header row and the first three columns are frozen — scroll without losing context.
B16: • Use Ctrl/Cmd + F to search any Test Case ID (e.g. TC-AUTH-001) across sheets.
B17: • Print is pre-configured: landscape, fit-to-width, header row repeats on every page.

Sheet Test Summary
B2: Test Execution Summary
B4: Module | C4: Total | D4: Pass | E4: Fail | F4: Blocked | G4: Not Tested | H4: Pass % | I4: Progress
B5: TC_Authentication | C5: =COUNTA(TC_Authentication!B3:B200) -> 15 | D5: =COUNTIF(TC_Authentication!I3:I200,"Pass") -> 0 | E5: =COUNTIF(TC_Authentication!I3:I200,"Fail") -> 0 | F5: =COUNTIF(TC_Authentication!I3:I200,"Blocked") -> 0 | G5: =COUNTIF(TC_Authentication!I3:I200,"Not Tested") -> 15 | H5: =IFERROR(D5/C5,0) -> 0 | I5: =IFERROR((D5+E5+F5)/C5,0) -> 0
B6: TC_Dashboard | C6: =COUNTA(TC_Dashboard!B3:B200) -> 10 | D6: =COUNTIF(TC_Dashboard!I3:I200,"Pass") -> 0 | E6: =COUNTIF(TC_Dashboard!I3:I200,"Fail") -> 0 | F6: =COUNTIF(TC_Dashboard!I3:I200,"Blocked") -> 0 | G6: =COUNTIF(TC_Dashboard!I3:I200,"Not Tested") -> 10 | H6: =IFERROR(D6/C6,0) -> 0 | I6: =IFERROR((D6+E6+F6)/C6,0) -> 0
B7: TC_Device_Mgmt | C7: =COUNTA(TC_Device_Mgmt!B3:B200) -> 15 | D7: =COUNTIF(TC_Device_Mgmt!I3:I200,"Pass") -> 0 | E7: =COUNTIF(TC_Device_Mgmt!I3:I200,"Fail") -> 0 | F7: =COUNTIF(TC_Device_Mgmt!I3:I200,"Blocked") -> 0 | G7: =COUNTIF(TC_Device_Mgmt!I3:I200,"Not Tested") -> 15 | H7: =IFERROR(D7/C7,0) -> 0 | I7: =IFERROR((D7+E7+F7)/C7,0) -> 0
B8: TC_User_Mgmt | C8: =COUNTA(TC_User_Mgmt!B3:B200) -> 13 | D8: =COUNTIF(TC_User_Mgmt!I3:I200,"Pass") -> 0 | E8: =COUNTIF(TC_User_Mgmt!I3:I200,"Fail") -> 0 | F8: =COUNTIF(TC_User_Mgmt!I3:I200,"Blocked") -> 0 | G8: =COUNTIF(TC_User_Mgmt!I3:I200,"Not Tested") -> 13 | H8: =IFERROR(D8/C8,0) -> 0 | I8: =IFERROR((D8+E8+F8)/C8,0) -> 0
B9: TC_Activity | C9: =COUNTA(TC_Activity!B3:B200) -> 12 | D9: =COUNTIF(TC_Activity!I3:I200,"Pass") -> 0 | E9: =COUNTIF(TC_Activity!I3:I200,"Fail") -> 0 | F9: =COUNTIF(TC_Activity!I3:I200,"Blocked") -> 0 | G9: =COUNTIF(TC_Activity!I3:I200,"Not Tested") -> 12 | H9: =IFERROR(D9/C9,0) -> 0 | I9: =IFERROR((D9+E9+F9)/C9,0) -> 0
B10: TC_Profile | C10: =COUNTA(TC_Profile!B3:B200) -> 12 | D10: =COUNTIF(TC_Profile!I3:I200,"Pass") -> 0 | E10: =COUNTIF(TC_Profile!I3:I200,"Fail") -> 0 | F10: =COUNTIF(TC_Profile!I3:I200,"Blocked") -> 0 | G10: =COUNTIF(TC_Profile!I3:I200,"Not Tested") -> 12 | H10: =IFERROR(D10/C10,0) -> 0 | I10: =IFERROR((D10+E10+F10)/C10,0) -> 0
B11: TC_Navigation | C11: =COUNTA(TC_Navigation!B3:B200) -> 10 | D11: =COUNTIF(TC_Navigation!I3:I200,"Pass") -> 0 | E11: =COUNTIF(TC_Navigation!I3:I200,"Fail") -> 0 | F11: =COUNTIF(TC_Navigation!I3:I200,"Blocked") -> 0 | G11: =COUNTIF(TC_Navigation!I3:I200,"Not Tested") -> 10 | H11: =IFERROR(D11/C11,0) -> 0 | I11: =IFERROR((D11+E11+F11)/C11,0) -> 0
B12: TC_API | C12: =COUNTA(TC_API!B3:B200) -> 10 | D12: =COUNTIF(TC_API!I3:I200,"Pass") -> 0 | E12: =COUNTIF(TC_API!I3:I200,"Fail") -> 0 | F12: =COUNTIF(TC_API!I3:I200,"Blocked") -> 0 | G12: =COUNTIF(TC_API!I3:I200,"Not Tested") -> 10 | H12: =IFERROR(D12/C12,0) -> 0 | I12: =IFERROR((D12+E12+F12)/C12,0) -> 0
B13: Grand Total | C13: =SUM(C5:C12) -> 97 | D13: =SUM(D5:D12) -> 0 | E13: =SUM(E5:E12) -> 0 | F13: =SUM(F5:F12) -> 0 | G13: =SUM(G5:G12) -> 97 | H13: =IFERROR(D13/C13,0) -> 0 | I13: =IFERROR((D13+E13+F13)/C13,0) -> 0

Sheet TC_Authentication
A1: TC_Authentication — Login, Register, Session
A2: No | B2: Test Case ID | C2: Test Case Name | D2: Module | E2: Priority | F2: Pre-Condition | G2: Test Steps | H2: Expected Result | I2: Status | J2: Actual Result | K2: Tester | L2: Date Tested | M2: Remarks
A3: 1 | B3: TC-AUTH-001 | C3: Open root page renders the Login screen | D3: Authentication | E3: High | F3: User is not authenticated (no auth-token cookie). | G3: 1. Open the app at / 2. Observe the page content | H3: Login form is displayed with email/password fields and links to Register. | I3: Not Tested
A4: 2 | B4: TC-AUTH-002 | C4: Login with valid superuser credentials | D4: Authentication | E4: High | F4: A superuser account exists. | G4: 1. Go to / 2. Enter valid superuser email + password 3. Click Login | H4: Sets auth-token cookie (SameSite=Lax, 7-day max-age) and redirects to /dashboard. | I4: Not Tested
A5: 3 | B5: TC-AUTH-003 | C5: Login with valid admin credentials | D5: Authentication | E5: High | F5: An admin account exists. | G5: 1. Go to / 2. Enter valid admin email + password 3. Click Login | H5: Login succeeds and user lands on /dashboard with admin-scoped sidebar. | I5: Not Tested
A6: 4 | B6: TC-AUTH-004 | C6: Login with role=user is blocked from dashboard | D6: Authentication | E6: High | F6: A user with role=user exists. | G6: 1. Log in as role=user at / 2. Attempt to access /dashboard | H6: Server component redirects role=user back to / — the dashboard is never rendered. | I6: Not Tested
A7: 5 | B7: TC-AUTH-005 | C7: Login with invalid credentials shows error | D7: Authentication | E7: High | F7: User is on the login page. | G7: 1. Enter an unknown email or wrong password 2. Submit the form | H7: Error toast/message is shown and no auth-token cookie is set. | I7: Not Tested
A8: 6 | B8: TC-AUTH-006 | C8: Login form validation — empty fields | D8: Authentication | E8: Medium | F8: User is on / | G8: 1. Leave email and/or password empty 2. Click Login | H8: Zod/React-Hook-Form validation errors are shown inline; no request is sent. | I8: Not Tested
A9: 7 | B9: TC-AUTH-007 | C9: Login form validation — invalid email format | D9: Authentication | E9: Medium | F9: User is on / | G9: 1. Enter 'not-an-email' in email field 2. Enter any password 3. Submit | H9: Email field shows a format validation error. | I9: Not Tested
A10: 8 | B10: TC-AUTH-008 | C10: Open Register page from login screen | D10: Authentication | E10: Medium | F10: User is on / | G10: 1. Click the 'Register' link | H10: Navigates to /register and displays the registration form. | I10: Not Tested
A11: 9 | B11: TC-AUTH-009 | C11: Register a new account | D11: Authentication | E11: High | F11: Email is not already registered. | G11: 1. Go to /register 2. Fill name, email, password 3. Submit | H11: Account is created (default role=user) and user is redirected / prompted to login. | I11: Not Tested
A12: 10 | B12: TC-AUTH-010 | C12: Register with duplicate email | D12: Authentication | E12: Medium | F12: An account with the target email exists. | G12: 1. Go to /register 2. Submit with an already-registered email | H12: Backend returns conflict; UI shows an error and the form stays on screen. | I12: Not Tested
A13: 11 | B13: TC-AUTH-011 | C13: Register form validation | D13: Authentication | E13: Medium | F13: User is on /register | G13: 1. Submit empty form 2. Enter invalid email 3. Enter password shorter than minimum | H13: Inline validation errors appear; submit is blocked until valid. | I13: Not Tested
A14: 12 | B14: TC-AUTH-012 | C14: Logout from NavUser dropdown | D14: Authentication | E14: High | F14: User is logged in on /dashboard. | G14: 1. Open the sidebar NavUser dropdown 2. Click 'Log out' | H14: auth-token cookie is cleared, zustand user is reset, and user is redirected to /. | I14: Not Tested
... A17: 15 | B17: TC-AUTH-015 | C17: Auth cookie survives full page reload | D17: Authentication | E17: High | F17: User is logged in. | G17: 1. On any /dashboard page, press Cmd/Ctrl + R | H17: Session persists: getServerUser reads the cookie and the page re-renders without redirect. | I17: Not Tested

Sheet TC_Dashboard
A1: TC_Dashboard — Stat Cards, Recent Devices & Activities
A2: No | B2: Test Case ID | C2: Test Case Name | D2: Module | E2: Priority | F2: Pre-Condition | G2: Test Steps | H2: Expected Result | I2: Status | J2: Actual Result | K2: Tester | L2: Date Tested | M2: Remarks
A3: 1 | B3: TC-DASH-001 | C3: Dashboard renders for logged-in admin/superuser | D3: Dashboard | E3: High | F3: Logged in as admin or superuser. | G3: 1. Navigate to /dashboard 2. Wait for data to load | H3: Page renders with stat cards, Recent Devices table, and Recent Activities feed. | I3: Not Tested
A4: 2 | B4: TC-DASH-002 | C4: Total Users stat card | D4: Dashboard | E4: High | F4: At least 1 user exists. | G4: 1. Open /dashboard 2. Inspect the 'Total Users' card | H4: Value equals the count returned by GET /admin/users/ (or its count endpoint). | I4: Not Tested
A5: 3 | B5: TC-DASH-003 | C5: Total Devices stat card | D5: Dashboard | E5: High | F5: At least 1 device exists. | G5: 1. Open /dashboard 2. Inspect the 'Total Devices' card | H5: Value matches the device count from the devices API. | I5: Not Tested
A6: 4 | B6: TC-DASH-004 | C6: Active Pumps stat card | D6: Dashboard | E6: High | F6: ≥ 1 device has status_pompa=true. | G6: 1. Open /dashboard 2. Inspect 'Active Pumps' | H6: Count equals the number of devices with status_pompa=true. | I6: Not Tested
A7: 5 | B7: TC-DASH-005 | C7: Inactive Pumps stat card | D7: Dashboard | E7: High | F7: ≥ 1 device has status_pompa=false. | G7: 1. Open /dashboard 2. Inspect 'Inactive Pumps' | H7: Count equals the number of devices with status_pompa=false. | I7: Not Tested
A8: 6 | B8: TC-DASH-006 | C8: Recent Devices table shows owner name | D8: Dashboard | E8: High | F8: Devices exist with known owner_id values. | G8: 1. Open /dashboard 2. Locate the Recent Devices table | H8: Each row shows device_id, owner name (joined from users), pump status, last_seen. | I8: Not Tested
A9: 7 | B9: TC-DASH-007 | C9: Recent Activities feed | D9: Dashboard | E9: Medium | F9: Activity logs exist. | G9: 1. Open /dashboard 2. Scroll to Recent Activities | H9: Feed shows the latest log entries with category badge, actor name, and timestamp. | I9: Not Tested
A10: 8 | B10: TC-DASH-008 | C10: Empty state — no devices | D10: Dashboard | E10: Medium | F10: No devices in the database. | G10: 1. Open /dashboard | H10: Stat cards show 0 and Recent Devices displays an empty-state message (no crash). | I10: Not Tested
A11: 9 | B11: TC-DASH-009 | C11: Recent Devices links navigate to Device Management | D11: Dashboard | E11: Low | F11: Devices exist. | G11: 1. Open /dashboard 2. Click the 'View all' / device link | H11: Navigates to /dashboard/device-management. | I11: Not Tested
A12: 10 | B12: TC-DASH-010 | C12: Dashboard initial load uses server user | D12: Dashboard | E12: High | F12: Logged in as admin. | G12: 1. Hard refresh /dashboard 2. Observe the sidebar/header on first paint | H12: Sidebar renders immediately with the correct role — no flash/glitch from client hydration. | I12: Not Tested

Sheet TC_Device_Mgmt
A1: TC_Device_Mgmt — Devices, Filters, QR Code
A2: No | B2: Test Case ID | C2: Test Case Name | D2: Module | E2: Priority | F2: Pre-Condition | G2: Test Steps | H2: Expected Result | I2: Status | J2: Actual Result | K2: Tester | L2: Date Tested | M2: Remarks
A3: 1 | B3: TC-DEV-001 | C3: Open Device Management page | D3: Device Management | E3: High | F3: Logged in as admin or superuser. | G3: 1. Click 'Device Management' in the sidebar | H3: Page loads at /dashboard/device-management with grid view by default. | I3: Not Tested
A4: 2 | B4: TC-DEV-002 | C4: Toggle between Grid and List view | D4: Device Management | E4: High | F4: Device Management page is open and devices exist. | G4: 1. Click the Grid/List toggle button | H4: Devices re-render: Grid shows device cards, List shows a tabular layout; preference is applied immediately. | I4: Not Tested
A5: 3 | B5: TC-DEV-003 | C5: Filter devices by pump status — Active | D5: Device Management | E5: High | F5: Mix of active and inactive devices exists. | G5: 1. Open the pump status filter 2. Choose 'Active' (status_pompa=true) | H5: Only devices with status_pompa=true are displayed. | I5: Not Tested
A6: 4 | B6: TC-DEV-004 | C6: Filter devices by pump status — Inactive | D6: Device Management | E6: High | F6: Mix of devices exists. | G6: 1. Choose 'Inactive' in the pump status filter | H6: Only devices with status_pompa=false are displayed. | I6: Not Tested
A7: 5 | B7: TC-DEV-005 | C7: Reset pump status filter to All | D7: Device Management | E7: Medium | F7: A filter is applied. | G7: 1. Choose 'All' in the pump status filter | H7: Every device is listed again. | I7: Not Tested
A8: 6 | B8: TC-DEV-006 | C8: Add a new device | D8: Device Management | E8: High | F8: At least one user exists to be the owner. | G8: 1. Click 'Add Device' 2. Fill device_id, owner_id (user), initial status 3. Submit | H8: Device is created via POST /admin/devices/ and appears in the list. | I8: Not Tested
A9: 7 | B9: TC-DEV-007 | C9: Add Device — validation for empty fields | D9: Device Management | E9: Medium | F9: Add Device dialog open. | G9: 1. Submit with empty device_id or owner_id | H9: Inline validation errors appear; no API call is made. | I9: Not Tested
A10: 8 | B10: TC-DEV-008 | C10: Edit existing device | D10: Device Management | E10: High | F10: ≥ 1 device exists. | G10: 1. Click Edit on a device 2. Change owner or pump status 3. Save | H10: PUT /admin/devices/{id} is sent and the list reflects the change. | I10: Not Tested
A11: 9 | B11: TC-DEV-009 | C11: Delete a device with confirmation | D11: Device Management | E11: High | F11: ≥ 1 device exists. | G11: 1. Click Delete on a device 2. Confirm the dialog | H11: DELETE /admin/devices/{id} succeeds; device is removed and a success toast appears. | I11: Not Tested
A12: 10 | B12: TC-DEV-010 | C12: Cancel delete dialog | D12: Device Management | E12: Medium | F12: Delete confirmation is open. | G12: 1. Click Cancel in the confirm dialog | H12: Dialog closes and the device remains in the list. | I12: Not Tested
A13: 11 | B13: TC-DEV-011 | C13: Open QR code dialog for a device | D13: Device Management | E13: High | F13: ≥ 1 device exists. | G13: 1. Click the QR code icon on a device card/row | H13: Dialog opens with a scannable QR code encoding the device_id (and/or link). | I13: Not Tested
A14: 12 | B14: TC-DEV-012 | C14: Close QR code dialog | D14: Device Management | E14: Low | F14: QR dialog is open. | G14: 1. Click outside or press Esc | H14: Dialog closes; underlying list is unchanged. | I14: Not Tested
... A17: 15 | B17: TC-DEV-015 | C17: Deleted device disappears from Recent Devices on Dashboard | D17: Device Management | E17: Medium | F17: A device exists and is in Recent Devices. | G17: 1. Delete the device 2. Navigate to /dashboard | H17: Recent Devices no longer shows the deleted device. | I17: Not Tested

Sheet TC_User_Mgmt
A1: TC_User_Mgmt — Users, Roles, Search & Filters
A2: No | B2: Test Case ID | C2: Test Case Name | D2: Module | E2: Priority | F2: Pre-Condition | G2: Test Steps | H2: Expected Result | I2: Status | J2: Actual Result | K2: Tester | L2: Date Tested | M2: Remarks
A3: 1 | B3: TC-USR-001 | C3: Open User Management page | D3: User Management | E3: High | F3: Logged in as admin or superuser. | G3: 1. Click 'User Management' in the sidebar | H3: Page loads at /dashboard/user-management with a table of users. | I3: Not Tested
A4: 2 | B4: TC-USR-002 | C4: Search users by name | D4: User Management | E4: High | F4: ≥ 2 users exist. | G4: 1. Type a partial name in the search field | H4: Only users whose name matches the query are displayed. | I4: Not Tested
A5: 3 | B5: TC-USR-003 | C5: Search users by email | D5: User Management | E5: High | F5: Users with distinct emails exist. | G5: 1. Type a partial email in the search field | H5: Matching users are filtered in; non-matching are hidden. | I5: Not Tested
A6: 4 | B6: TC-USR-004 | C6: Role filter — superuser only | D6: User Management | E6: High | F6: Users of every role exist. | G6: 1. Set the role filter to 'Superuser' | H6: Table shows only users with role=superuser. | I6: Not Tested
A7: 5 | B7: TC-USR-005 | C7: Role filter — admin only | D7: User Management | E7: High | F7: Users of every role exist. | G7: 1. Set the role filter to 'Admin' | H7: Table shows only users with role=admin. | I7: Not Tested
A8: 6 | B8: TC-USR-006 | C8: Role filter — user only | D8: User Management | E8: Medium | F8: Users of every role exist. | G8: 1. Set the role filter to 'User' | H8: Table shows only users with role=user. | I8: Not Tested
A9: 7 | B9: TC-USR-007 | C9: Create a new user as superuser | D9: User Management | E9: High | F9: Logged in as superuser. | G9: 1. Click 'Add User' 2. Fill nama, email, password, role 3. Submit | H9: POST /admin/users/ succeeds and the new user appears in the table. | I9: Not Tested
A10: 8 | B10: TC-USR-008 | C10: Admin cannot assign superuser role | D10: User Management | E10: High | F10: Logged in as admin. | G10: 1. Click 'Add User' 2. Inspect the role selector | H10: The role selector does not offer 'superuser' (or backend rejects it). | I10: Not Tested
A11: 9 | B11: TC-USR-009 | C11: Edit user name/email | D11: User Management | E11: High | F11: ≥ 1 user exists. | G11: 1. Click Edit on a user 2. Change nama/email 3. Save | H11: PUT /admin/users/{id} succeeds and the table reflects the change. | I11: Not Tested
A12: 10 | B12: TC-USR-010 | C12: Delete a user with confirmation | D12: User Management | E12: High | F12: A deletable user exists. | G12: 1. Click Delete 2. Confirm | H12: DELETE /admin/users/{id} succeeds; user is removed from the table. | I12: Not Tested
A13: 11 | B13: TC-USR-011 | C13: Cannot delete own account | D13: User Management | E13: Medium | F13: Logged in as the user being deleted. | G13: 1. Attempt to delete the currently logged-in account | H13: Action is blocked client-side or backend returns a descriptive error. | I13: Not Tested
A14: 12 | B14: TC-USR-012 | C14: Metric card — Total Users | D14: User Management | E14: Medium | F14: Users exist. | G14: 1. Inspect the Total Users metric card | H14: Value matches the filtered list count (or total depending on card spec). | I14: Not Tested
A15: 13 | B15: TC-USR-013 | C15: Metric card — Admins count | D15: User Management | E15: Medium | F15: Admins and non-admins exist. | G15: 1. Inspect the Admins metric card | H15: Count equals number of users with role=admin. | I15: Not Tested

Sheet TC_Activity
A1: TC_Activity — Activity Logs, Categories, Trend Chart
A2: No | B2: Test Case ID | C2: Test Case Name | D2: Module | E2: Priority | F2: Pre-Condition | G2: Test Steps | H2: Expected Result | I2: Status | J2: Actual Result | K2: Tester | L2: Date Tested | M2: Remarks
A3: 1 | B3: TC-ACT-001 | C3: Superuser can access User Activity | D3: Activity | E3: High | F3: Logged in as superuser. | G3: 1. Click 'User Activity' in the sidebar | H3: Page /dashboard/user-activity renders with stats, chart, and table. | I3: Not Tested
A4: 2 | B4: TC-ACT-002 | C4: Admin is redirected away from User Activity | D4: Activity | E4: High | F4: Logged in as admin. | G4: 1. Navigate directly to /dashboard/user-activity | H4: Server component redirects to /dashboard (feature is superuser-only). | I4: Not Tested
A5: 3 | B5: TC-ACT-003 | C5: User Activity is hidden from admin sidebar | D5: Activity | E5: High | F5: Logged in as admin. | G5: 1. Inspect the sidebar items | H5: 'User Activity' item is not rendered for admin users. | I5: Not Tested
A6: 4 | B6: TC-ACT-004 | C6: Stat card — Total logs | D6: Activity | E6: High | F6: Activity logs exist. | G6: 1. Open User Activity 2. Inspect the Total stat card | H6: Count equals the total returned by GET /admin/activity-logs/count. | I6: Not Tested
A7: 5 | B7: TC-ACT-005 | C7: Stat cards per category (Device / Control / Administrative) | D7: Activity | E7: High | F7: Logs exist across categories. | G7: 1. Inspect each category stat card | H7: Each card value matches the backend count for that category. | I7: Not Tested
A8: 6 | B8: TC-ACT-006 | C8: Filter table by Device category | D8: Activity | E8: High | F8: Logs of multiple categories exist. | G8: 1. Choose 'Device' in the category filter | H8: Only device-category entries are listed and pagination updates. | I8: Not Tested
A9: 7 | B9: TC-ACT-007 | C9: Filter table by Control category | D9: Activity | E9: Medium | F9: Control logs exist. | G9: 1. Choose 'Control' in the filter | H9: Only control-category entries are listed. | I9: Not Tested
A10: 8 | B10: TC-ACT-008 | C10: Filter table by Administrative category | D10: Activity | E10: Medium | F10: Administrative logs exist. | G10: 1. Choose 'Administrative' in the filter | H10: Only administrative-category entries are listed. | I10: Not Tested
A11: 9 | B11: TC-ACT-009 | C11: Reset filter to All categories | D11: Activity | E11: Medium | F11: A category filter is active. | G11: 1. Choose 'All' in the filter | H11: Table lists logs of every category. | I11: Not Tested
A12: 10 | B12: TC-ACT-010 | C12: Pagination — next / previous page | D12: Activity | E12: High | F12: ≥ 2 pages of logs exist. | G12: 1. Click Next 2. Click Previous | H12: Table reflects the new offset; page indicator updates accordingly. | I12: Not Tested
A13: 11 | B13: TC-ACT-011 | C13: Activity log table shows joined user name | D13: Activity | E13: Medium | F13: Logs have a valid user_id. | G13: 1. Inspect any log row | H13: User column shows the user's name (not just the UUID). | I13: Not Tested
A14: 12 | B14: TC-ACT-012 | C14: Trend chart shows last 24 hours bucketed | D14: Activity | E14: Medium | F14: Recent logs exist in the last 24 hours. | G14: 1. Inspect the trend chart on the Activity page | H14: Chart shows 24 hourly buckets aligned with the latest data. | I14: Not Tested

Sheet TC_Profile
A1: TC_Profile — Self-Service Profile Update
A2: No | B2: Test Case ID | C2: Test Case Name | D2: Module | E2: Priority | F2: Pre-Condition | G2: Test Steps | H2: Expected Result | I2: Status | J2: Actual Result | K2: Tester | L2: Date Tested | M2: Remarks
A3: 1 | B3: TC-PRO-001 | C3: Open Profile page from NavUser dropdown | D3: Profile | E3: High | F3: Logged in as admin/superuser. | G3: 1. Open the NavUser dropdown at the bottom of the sidebar 2. Click 'Profile' | H3: Navigates to /dashboard/profile and shows the user's identity card + edit form. | I3: Not Tested
A4: 2 | B4: TC-PRO-002 | C4: Identity card reflects current user | D4: Profile | E4: High | F4: Logged in. | G4: 1. Inspect the left-hand identity card | H4: Shows initials, name, email, role pill, and user id (from getServerUser). | I4: Not Tested
A5: 3 | B5: TC-PRO-003 | C5: Role input is disabled | D5: Profile | E5: High | F5: Logged in. | G5: 1. Attempt to edit the Role field | H5: Field is disabled and helper text says 'Roles can only be changed by a super admin.' | I5: Not Tested
A6: 4 | B6: TC-PRO-004 | C6: Save Changes button disabled until form is dirty | D6: Profile | E6: Medium | F6: Page just loaded. | G6: 1. Open /dashboard/profile 2. Inspect Save Changes button | H6: Button is disabled on load; becomes enabled once any field changes. | I6: Not Tested
A7: 5 | B7: TC-PRO-005 | C7: Update name successfully | D7: Profile | E7: High | F7: Logged in. | G7: 1. Change 'Full Name' 2. Click Save Changes | H7: PUT /admin/users/{id} is sent; toast 'Profile updated' is shown; sidebar NavUser reflects the new name immediately. | I7: Not Tested
A8: 6 | B8: TC-PRO-006 | C8: Update email successfully | D8: Profile | E8: High | F8: Email is not used by another account. | G8: 1. Change email to a new valid address 2. Save | H8: Request succeeds; zustand user is updated via setUser; form resets to new defaults. | I8: Not Tested
A9: 7 | B9: TC-PRO-007 | C9: Leave password blank — password unchanged | D9: Profile | E9: High | F9: Logged in. | G9: 1. Clear the password field 2. Change name only 3. Save | H9: Request body omits password; existing password remains valid for login. | I9: Not Tested
A10: 8 | B10: TC-PRO-008 | C10: Update password with valid value | D10: Profile | E10: High | F10: Logged in. | G10: 1. Enter a new password of min length 2. Save 3. Log out 4. Log in with new password | H10: Login succeeds with the new password. | I10: Not Tested
A11: 9 | B11: TC-PRO-009 | C11: Password validation — too short | D11: Profile | E11: Medium | F11: Logged in. | G11: 1. Enter a password shorter than the minimum length 2. Attempt to save | H11: Inline validation error is shown; request is not sent. | I11: Not Tested
A12: 10 | B12: TC-PRO-010 | C12: Email validation — invalid format | D12: Profile | E12: Medium | F12: Logged in. | G12: 1. Enter 'abc' in the email field 2. Attempt to save | H12: Email format error is shown; request is not sent. | I12: Not Tested
A13: 11 | B13: TC-PRO-011 | C13: Reset button reverts unsaved edits | D13: Profile | E13: Medium | F13: Form has been edited but not saved. | G13: 1. Change name and email 2. Click Reset | H13: Fields revert to the current user's values and Save Changes becomes disabled. | I13: Not Tested
A14: 12 | B14: TC-PRO-012 | C14: Server reject (duplicate email) surfaces an error | D14: Profile | E14: Medium | F14: Another account already uses the target email. | G14: 1. Change email to a duplicate 2. Save | H14: API returns an error; UI shows an error toast and keeps form state. | I14: Not Tested

Sheet TC_Navigation
A1: TC_Navigation — Sidebar, NavUser, Server Role Resolution
A2: No | B2: Test Case ID | C2: Test Case Name | D2: Module | E2: Priority | F2: Pre-Condition | G2: Test Steps | H2: Expected Result | I2: Status | J2: Actual Result | K2: Tester | L2: Date Tested | M2: Remarks
A3: 1 | B3: TC-NAV-001 | C3: Sidebar renders with correct items for superuser | D3: Navigation | E3: High | F3: Logged in as superuser. | G3: 1. Load /dashboard 2. Inspect sidebar | H3: Items include Dashboard, User Management, Device Management, User Activity. | I3: Not Tested
A4: 2 | B4: TC-NAV-002 | C4: Sidebar hides User Activity for admin | D4: Navigation | E4: High | F4: Logged in as admin. | G4: 1. Load /dashboard 2. Inspect sidebar | H4: User Activity item is absent; other admin-allowed items remain. | I4: Not Tested
A5: 3 | B5: TC-NAV-003 | C5: Sidebar collapses and expands | D5: Navigation | E5: Medium | F5: Sidebar is expanded. | G5: 1. Click the SidebarTrigger in the header | H5: Sidebar collapses to the icon-only variant and re-expands on next click. | I5: Not Tested
A6: 4 | B6: TC-NAV-004 | C6: NavUser dropdown shows Profile and Log out only | D6: Navigation | E6: High | F6: Logged in. | G6: 1. Click the NavUser button at the bottom of the sidebar | H6: Dropdown shows the user header, a 'Profile' item, and a destructive 'Log out' item. | I6: Not Tested
A7: 5 | B7: TC-NAV-005 | C7: NavUser — Profile navigates to /dashboard/profile | D7: Navigation | E7: High | F7: NavUser dropdown open. | G7: 1. Click 'Profile' | H7: Router pushes /dashboard/profile and the form loads. | I7: Not Tested
A8: 6 | B8: TC-NAV-006 | C8: NavUser — Log out clears session | D8: Navigation | E8: High | F8: Logged in. | G8: 1. Click 'Log out' in the NavUser dropdown | H8: Zustand user is reset, auth cookie is cleared, and user is returned to /. | I8: Not Tested
A9: 7 | B9: TC-NAV-007 | C9: Direct navigation to /dashboard/device-management | D9: Navigation | E9: Medium | F9: Logged in as admin/superuser. | G9: 1. Type the URL and press Enter | H9: Page loads without redirect; sidebar highlights the Device Management item. | I9: Not Tested
A10: 8 | B10: TC-NAV-008 | C10: Server-side role resolution prevents flicker | D10: Navigation | E10: High | F10: Logged in. | G10: 1. Hard-refresh any /dashboard page | H10: Sidebar items render in final form on first paint (no mid-render change once zustand hydrates). | I10: Not Tested
A11: 9 | B11: TC-NAV-009 | C11: Unauthorized deep link redirects to / | D11: Navigation | E11: High | F11: auth-token cookie is cleared. | G11: 1. Navigate directly to /dashboard/user-management | H11: getServerUser returns null and the page is redirected to /. | I11: Not Tested
A12: 10 | B12: TC-NAV-010 | C12: Avatar initials are derived from the user's name | D12: Navigation | E12: Low | F12: User has a multi-word name. | G12: 1. Inspect avatar fallback in NavUser and Profile | H12: Shows the first letter of the first two words in upper case. | I12: Not Tested

Sheet TC_API
A1: TC_API — Proxy, Auth Cookies, React Query
A2: No | B2: Test Case ID | C2: Test Case Name | D2: Module | E2: Priority | F2: Pre-Condition | G2: Test Steps | H2: Expected Result | I2: Status | J2: Actual Result | K2: Tester | L2: Date Tested | M2: Remarks
A3: 1 | B3: TC-API-001 | C3: Proxy forwards GET /admin/users/ | D3: API & Proxy | E3: High | F3: Logged in (cookie present). | G3: 1. Trigger any action that calls GET /admin/users/ 2. Inspect Network tab | H3: Request goes to /api/proxy/admin/users/ and returns 200 with a user list. | I3: Not Tested
A4: 2 | B4: TC-API-002 | C4: Proxy preserves Authorization across 307 redirect | D4: API & Proxy | E4: High | F4: Backend redirects missing trailing slash (or vice versa) with 307. | G4: 1. Call an endpoint that hits a 307 from FastAPI 2. Watch the response | H4: Proxy manually follows the redirect with headers intact; final response is 200 (not 401). | I4: Not Tested
A5: 3 | B5: TC-API-003 | C5: Proxy strips accept-encoding upstream | D5: API & Proxy | E5: Medium | F5: Any authenticated request. | G5: 1. Make a request via the proxy 2. Inspect upstream headers (if observable) | H5: Upstream request does not include accept-encoding; downstream content-encoding is stripped from response. | I5: Not Tested
A6: 4 | B6: TC-API-004 | C6: 401 from backend forces redirect to / | D6: API & Proxy | E6: High | F6: Cookie token is invalid/expired. | G6: 1. Trigger any authenticated call | H6: Response is 401 and the axios interceptor redirects the browser to /. | I6: Not Tested
A7: 5 | B7: TC-API-005 | C7: Cookie is HTTP-only-style cookie (SameSite=Lax, max-age 7d) | D7: API & Proxy | E7: High | F7: Just logged in. | G7: 1. Inspect cookies in DevTools | H7: auth-token cookie is present with SameSite=Lax and ~7-day expiry. | I7: Not Tested
A8: 6 | B8: TC-API-006 | C8: Logout clears the auth-token cookie | D8: API & Proxy | E8: High | F8: Logged in. | G8: 1. Click Log out 2. Inspect cookies | H8: auth-token cookie is removed; subsequent protected fetches fail with 401. | I8: Not Tested
A9: 7 | B9: TC-API-007 | C9: getServerUser returns the current user from /auth/me | D9: API & Proxy | E9: High | F9: Logged in. | G9: 1. Load any /dashboard page (server component) 2. Inspect network (server logs) | H9: Server calls /auth/me with the bearer token and returns the user object to the component. | I9: Not Tested
A10: 8 | B10: TC-API-008 | C10: Proxy path rewrite — /api/proxy/admin/activity-logs/ | D10: API & Proxy | E10: Medium | F10: Logged in as superuser. | G10: 1. Open /dashboard/user-activity 2. Observe network requests | H10: Calls hit /api/proxy/admin/activity-logs/ and /api/proxy/admin/activity-logs/count successfully. | I10: Not Tested
A11: 9 | B11: TC-API-009 | C11: React Query caches and invalidates on mutation | D11: API & Proxy | E11: Medium | F11: Logged in with devices in the list. | G11: 1. Edit a device 2. Observe Device Management after save | H11: Mutation invalidates the devices query; list refetches and reflects the new state. | I11: Not Tested
A12: 10 | B12: TC-API-010 | C12: Backend validation errors are surfaced to the UI | D12: API & Proxy | E12: Medium | F12: Triggering a known validation failure (e.g., duplicate email). | G12: 1. Trigger the request 2. Observe the UI | H12: Error message from the backend is shown via toast or inline error. | I12: Not Tested

Sheet Account
A1: account | B1: type | C1: password
A2: string@gmail.com | B2: superuser | C2: string
A3: tiar@gmail.com | B3: user | C3: password24
A4: bahtiar@gmail.com | B4: admin | C4: bahtiar
